article_id,title,category,tags,content,publish_date
A0001,Sports Update #1: cricket & tennis,Sports,"cricket, tennis","This article covers cricket, tennis in the context of sports. Latest developments show that cricket continues to shape the sports landscape significantly.",2026-02-09
A0002,Health Update #2: vaccines & mental health,Health,"vaccines, mental health","This article covers vaccines, mental health in the context of health. Latest developments show that vaccines continues to shape the health landscape significantly.",2025-12-16
A0003,Sports Update #3: Olympics & football,Sports,"Olympics, football, cricket, soccer","This article covers Olympics, football, cricket, soccer in the context of sports. Latest developments show that Olympics continues to shape the sports landscape significantly.",2026-02-13
A0004,Health Update #4: wellness & mental health,Health,"wellness, mental health, research, nutrition","This article covers wellness, mental health, research, nutrition in the context of health. Latest developments show that wellness continues to shape the health landscape significantly.",2025-12-19
A0005,Business Update #5: finance & markets,Business,"finance, markets","This article covers finance, markets in the context of business. Latest developments show that finance continues to shape the business landscape significantly.",2026-02-05
A0006,Technology Update #6: cloud computing & cybersecurity,Technology,"cloud computing, cybersecurity","This article covers cloud computing, cybersecurity in the context of technology. Latest developments show that cloud computing continues to shape the technology landscape significantly.",2026-01-28
A0007,Science Update #7: climate & biology,Science,"climate, biology","This article covers climate, biology in the context of science. Latest developments show that climate continues to shape the science landscape significantly.",2026-02-27
A0008,Sports Update #8: football & tennis,Sports,"football, tennis, cricket","This article covers football, tennis, cricket in the context of sports. Latest developments show that football continues to shape the sports landscape significantly.",2025-12-25
A0009,Science Update #9: discoveries & physics,Science,"discoveries, physics","This article covers discoveries, physics in the context of science. Latest developments show that discoveries continues to shape the science landscape significantly.",2026-01-03
A0010,Sports Update #10: football & soccer,Sports,"football, soccer, tennis","This article covers football, soccer, tennis in the context of sports. Latest developments show that football continues to shape the sports landscape significantly.",2025-12-22
A0011,Entertainment Update #11: music & awards,Entertainment,"music, awards, movies, gaming","This article covers music, awards, movies, gaming in the context of entertainment. Latest developments show that music continues to shape the entertainment landscape significantly.",2025-12-18
A0012,Health Update #12: mental health & nutrition,Health,"mental health, nutrition, research","This article covers mental health, nutrition, research in the context of health. Latest developments show that mental health continues to shape the health landscape significantly.",2026-01-23
A0013,Science Update #13: discoveries & biology,Science,"discoveries, biology, climate","This article covers discoveries, biology, climate in the context of science. Latest developments show that discoveries continues to shape the science landscape significantly.",2026-01-24
A0014,Entertainment Update #14: awards & celebrities,Entertainment,"awards, celebrities","This article covers awards, celebrities in the context of entertainment. Latest developments show that awards continues to shape the entertainment landscape significantly.",2025-12-13
A0015,Sports Update #15: cricket & basketball,Sports,"cricket, basketball, soccer, athletics","This article covers cricket, basketball, soccer, athletics in the context of sports. Latest developments show that cricket continues to shape the sports landscape significantly.",2026-02-20
A0016,World Update #16: Africa & diplomacy,World,"Africa, diplomacy, international","This article covers Africa, diplomacy, international in the context of world. Latest developments show that Africa continues to shape the world landscape significantly.",2026-02-12
A0017,Entertainment Update #17: music & movies,Entertainment,"music, movies","This article covers music, movies in the context of entertainment. Latest developments show that music continues to shape the entertainment landscape significantly.",2026-01-31
A0018,Business Update #18: stocks & economy,Business,"stocks, economy, markets","This article covers stocks, economy, markets in the context of business. Latest developments show that stocks continues to shape the business landscape significantly.",2026-01-31
A0019,Health Update #19: medicine & research,Health,"medicine, research, vaccines, nutrition","This article covers medicine, research, vaccines, nutrition in the context of health. Latest developments show that medicine continues to shape the health landscape significantly.",2026-02-07
A0020,Politics Update #20: democracy & legislation,Politics,"democracy, legislation","This article covers democracy, legislation in the context of politics. Latest developments show that democracy continues to shape the politics landscape significantly.",2026-01-03
A0021,Science Update #21: environment & physics,Science,"environment, physics, research, discoveries","This article covers environment, physics, research, discoveries in the context of science. Latest developments show that environment continues to shape the science landscape significantly.",2026-01-25
A0022,Health Update #22: wellness & medicine,Health,"wellness, medicine","This article covers wellness, medicine in the context of health. Latest developments show that wellness continues to shape the health landscape significantly.",2026-03-01
A0023,Technology Update #23: machine learning & cloud computing,Technology,"machine learning, cloud computing","This article covers machine learning, cloud computing in the context of technology. Latest developments show that machine learning continues to shape the technology landscape significantly.",2026-02-20
A0024,Business Update #24: stocks & finance,Business,"stocks, finance, entrepreneurship, markets","This article covers stocks, finance, entrepreneurship, markets in the context of business. Latest developments show that stocks continues to shape the business landscape significantly.",2026-01-04
A0025,Science Update #25: research & space,Science,"research, space, discoveries, biology","This article covers research, space, discoveries, biology in the context of science. Latest developments show that research continues to shape the science landscape significantly.",2025-12-20
A0026,Entertainment Update #26: celebrities & streaming,Entertainment,"celebrities, streaming","This article covers celebrities, streaming in the context of entertainment. Latest developments show that celebrities continues to shape the entertainment landscape significantly.",2026-02-20
A0027,World Update #27: diplomacy & migration,World,"diplomacy, migration","This article covers diplomacy, migration in the context of world. Latest developments show that diplomacy continues to shape the world landscape significantly.",2026-02-07
A0028,Politics Update #28: elections & democracy,Politics,"elections, democracy, government, policy","This article covers elections, democracy, government, policy in the context of politics. Latest developments show that elections continues to shape the politics landscape significantly.",2026-02-21
A0029,Entertainment Update #29: gaming & culture,Entertainment,"gaming, culture","This article covers gaming, culture in the context of entertainment. Latest developments show that gaming continues to shape the entertainment landscape significantly.",2026-03-12
A0030,Entertainment Update #30: movies & culture,Entertainment,"movies, culture, celebrities","This article covers movies, culture, celebrities in the context of entertainment. Latest developments show that movies continues to shape the entertainment landscape significantly.",2026-02-01
A0031,Health Update #31: nutrition & wellness,Health,"nutrition, wellness","This article covers nutrition, wellness in the context of health. Latest developments show that nutrition continues to shape the health landscape significantly.",2026-03-02
A0032,Sports Update #32: Olympics & football,Sports,"Olympics, football, soccer, basketball","This article covers Olympics, football, soccer, basketball in the context of sports. Latest developments show that Olympics continues to shape the sports landscape significantly.",2026-02-24
A0033,World Update #33: Europe & Africa,World,"Europe, Africa, international, conflict","This article covers Europe, Africa, international, conflict in the context of world. Latest developments show that Europe continues to shape the world landscape significantly.",2026-02-13
A0034,Health Update #34: fitness & medicine,Health,"fitness, medicine, research, vaccines","This article covers fitness, medicine, research, vaccines in the context of health. Latest developments show that fitness continues to shape the health landscape significantly.",2026-01-05
A0035,World Update #35: Europe & migration,World,"Europe, migration","This article covers Europe, migration in the context of world. Latest developments show that Europe continues to shape the world landscape significantly.",2026-03-04
A0036,Entertainment Update #36: gaming & culture,Entertainment,"gaming, culture","This article covers gaming, culture in the context of entertainment. Latest developments show that gaming continues to shape the entertainment landscape significantly.",2026-02-11
A0037,Health Update #37: mental health & vaccines,Health,"mental health, vaccines","This article covers mental health, vaccines in the context of health. Latest developments show that mental health continues to shape the health landscape significantly.",2025-12-22
A0038,Technology Update #38: AI & robotics,Technology,"AI, robotics","This article covers AI, robotics in the context of technology. Latest developments show that AI continues to shape the technology landscape significantly.",2026-01-29
A0039,Sports Update #39: basketball & tennis,Sports,"basketball, tennis, Olympics, athletics","This article covers basketball, tennis, Olympics, athletics in the context of sports. Latest developments show that basketball continues to shape the sports landscape significantly.",2026-01-02
A0040,Politics Update #40: legislation & geopolitics,Politics,"legislation, geopolitics, diplomacy, policy","This article covers legislation, geopolitics, diplomacy, policy in the context of politics. Latest developments show that legislation continues to shape the politics landscape significantly.",2026-01-11
A0041,Business Update #41: stocks & trade,Business,"stocks, trade","This article covers stocks, trade in the context of business. Latest developments show that stocks continues to shape the business landscape significantly.",2025-12-18
A0042,Business Update #42: finance & trade,Business,"finance, trade, entrepreneurship","This article covers finance, trade, entrepreneurship in the context of business. Latest developments show that finance continues to shape the business landscape significantly.",2026-03-06
A0043,Sports Update #43: Olympics & cricket,Sports,"Olympics, cricket","This article covers Olympics, cricket in the context of sports. Latest developments show that Olympics continues to shape the sports landscape significantly.",2026-01-28
A0044,Sports Update #44: basketball & athletics,Sports,"basketball, athletics","This article covers basketball, athletics in the context of sports. Latest developments show that basketball continues to shape the sports landscape significantly.",2026-01-03
A0045,World Update #45: conflict & Europe,World,"conflict, Europe","This article covers conflict, Europe in the context of world. Latest developments show that conflict continues to shape the world landscape significantly.",2026-02-05
A0046,World Update #46: migration & Asia,World,"migration, Asia","This article covers migration, Asia in the context of world. Latest developments show that migration continues to shape the world landscape significantly.",2026-01-15
A0047,Sports Update #47: cricket & soccer,Sports,"cricket, soccer","This article covers cricket, soccer in the context of sports. Latest developments show that cricket continues to shape the sports landscape significantly.",2026-03-11
A0048,Sports Update #48: basketball & Olympics,Sports,"basketball, Olympics","This article covers basketball, Olympics in the context of sports. Latest developments show that basketball continues to shape the sports landscape significantly.",2026-01-09
A0049,World Update #49: migration & conflict,World,"migration, conflict","This article covers migration, conflict in the context of world. Latest developments show that migration continues to shape the world landscape significantly.",2026-03-05
A0050,Politics Update #50: elections & diplomacy,Politics,"elections, diplomacy, government","This article covers elections, diplomacy, government in the context of politics. Latest developments show that elections continues to shape the politics landscape significantly.",2026-01-13
A0051,Science Update #51: discoveries & research,Science,"discoveries, research, environment","This article covers discoveries, research, environment in the context of science. Latest developments show that discoveries continues to shape the science landscape significantly.",2025-12-18
A0052,World Update #52: Europe & Africa,World,"Europe, Africa","This article covers Europe, Africa in the context of world. Latest developments show that Europe continues to shape the world landscape significantly.",2026-02-13
A0053,Technology Update #53: cloud computing & smartphones,Technology,"cloud computing, smartphones, AI, startups","This article covers cloud computing, smartphones, AI, startups in the context of technology. Latest developments show that cloud computing continues to shape the technology landscape significantly.",2026-03-05
A0054,Technology Update #54: cybersecurity & smartphones,Technology,"cybersecurity, smartphones, cloud computing, machine learning","This article covers cybersecurity, smartphones, cloud computing, machine learning in the context of technology. Latest developments show that cybersecurity continues to shape the technology landscape significantly.",2026-03-05
A0055,Sports Update #55: football & soccer,Sports,"football, soccer","This article covers football, soccer in the context of sports. Latest developments show that football continues to shape the sports landscape significantly.",2026-03-04
A0056,Health Update #56: mental health & wellness,Health,"mental health, wellness, nutrition","This article covers mental health, wellness, nutrition in the context of health. Latest developments show that mental health continues to shape the health landscape significantly.",2025-12-28
A0057,Technology Update #57: AI & cybersecurity,Technology,"AI, cybersecurity, smartphones, startups","This article covers AI, cybersecurity, smartphones, startups in the context of technology. Latest developments show that AI continues to shape the technology landscape significantly.",2026-02-07
A0058,Health Update #58: vaccines & fitness,Health,"vaccines, fitness, nutrition, research","This article covers vaccines, fitness, nutrition, research in the context of health. Latest developments show that vaccines continues to shape the health landscape significantly.",2026-01-21
A0059,Politics Update #59: democracy & government,Politics,"democracy, government, diplomacy, geopolitics","This article covers democracy, government, diplomacy, geopolitics in the context of politics. Latest developments show that democracy continues to shape the politics landscape significantly.",2026-03-03
A0060,Technology Update #60: smartphones & robotics,Technology,"smartphones, robotics, AI","This article covers smartphones, robotics, AI in the context of technology. Latest developments show that smartphones continues to shape the technology landscape significantly.",2026-03-03
A0061,Health Update #61: fitness & nutrition,Health,"fitness, nutrition, research, mental health","This article covers fitness, nutrition, research, mental health in the context of health. Latest developments show that fitness continues to shape the health landscape significantly.",2026-02-09
A0062,Entertainment Update #62: music & streaming,Entertainment,"music, streaming, gaming","This article covers music, streaming, gaming in the context of entertainment. Latest developments show that music continues to shape the entertainment landscape significantly.",2025-12-12
A0063,Science Update #63: research & discoveries,Science,"research, discoveries, environment, space","This article covers research, discoveries, environment, space in the context of science. Latest developments show that research continues to shape the science landscape significantly.",2025-12-17
A0064,Science Update #64: space & climate,Science,"space, climate, biology, research","This article covers space, climate, biology, research in the context of science. Latest developments show that space continues to shape the science landscape significantly.",2026-02-27
A0065,Politics Update #65: government & legislation,Politics,"government, legislation, policy","This article covers government, legislation, policy in the context of politics. Latest developments show that government continues to shape the politics landscape significantly.",2026-01-28
A0066,Health Update #66: vaccines & fitness,Health,"vaccines, fitness, wellness, medicine","This article covers vaccines, fitness, wellness, medicine in the context of health. Latest developments show that vaccines continues to shape the health landscape significantly.",2026-02-08
A0067,Technology Update #67: cloud computing & cybersecurity,Technology,"cloud computing, cybersecurity","This article covers cloud computing, cybersecurity in the context of technology. Latest developments show that cloud computing continues to shape the technology landscape significantly.",2026-02-05
A0068,Technology Update #68: startups & machine learning,Technology,"startups, machine learning","This article covers startups, machine learning in the context of technology. Latest developments show that startups continues to shape the technology landscape significantly.",2025-12-21
A0069,Science Update #69: discoveries & physics,Science,"discoveries, physics","This article covers discoveries, physics in the context of science. Latest developments show that discoveries continues to shape the science landscape significantly.",2026-01-01
A0070,Business Update #70: stocks & trade,Business,"stocks, trade, entrepreneurship, economy","This article covers stocks, trade, entrepreneurship, economy in the context of business. Latest developments show that stocks continues to shape the business landscape significantly.",2026-01-02
A0071,Technology Update #71: smartphones & robotics,Technology,"smartphones, robotics, machine learning","This article covers smartphones, robotics, machine learning in the context of technology. Latest developments show that smartphones continues to shape the technology landscape significantly.",2026-01-16
A0072,Politics Update #72: government & geopolitics,Politics,"government, geopolitics","This article covers government, geopolitics in the context of politics. Latest developments show that government continues to shape the politics landscape significantly.",2026-03-07
A0073,Entertainment Update #73: awards & music,Entertainment,"awards, music","This article covers awards, music in the context of entertainment. Latest developments show that awards continues to shape the entertainment landscape significantly.",2025-12-17
A0074,Sports Update #74: athletics & soccer,Sports,"athletics, soccer, Olympics","This article covers athletics, soccer, Olympics in the context of sports. Latest developments show that athletics continues to shape the sports landscape significantly.",2025-12-23
A0075,Politics Update #75: geopolitics & policy,Politics,"geopolitics, policy","This article covers geopolitics, policy in the context of politics. Latest developments show that geopolitics continues to shape the politics landscape significantly.",2026-02-18
A0076,Business Update #76: economy & entrepreneurship,Business,"economy, entrepreneurship","This article covers economy, entrepreneurship in the context of business. Latest developments show that economy continues to shape the business landscape significantly.",2026-01-29
A0077,Business Update #77: trade & entrepreneurship,Business,"trade, entrepreneurship, economy, startups","This article covers trade, entrepreneurship, economy, startups in the context of business. Latest developments show that trade continues to shape the business landscape significantly.",2026-02-20
A0078,Sports Update #78: athletics & football,Sports,"athletics, football, Olympics","This article covers athletics, football, Olympics in the context of sports. Latest developments show that athletics continues to shape the sports landscape significantly.",2026-02-12
A0079,Health Update #79: fitness & research,Health,"fitness, research, nutrition","This article covers fitness, research, nutrition in the context of health. Latest developments show that fitness continues to shape the health landscape significantly.",2026-02-12
A0080,Technology Update #80: machine learning & cybersecurity,Technology,"machine learning, cybersecurity, startups, smartphones","This article covers machine learning, cybersecurity, startups, smartphones in the context of technology. Latest developments show that machine learning continues to shape the technology landscape significantly.",2026-03-04
A0081,Science Update #81: discoveries & environment,Science,"discoveries, environment, physics","This article covers discoveries, environment, physics in the context of science. Latest developments show that discoveries continues to shape the science landscape significantly.",2025-12-16
A0082,Entertainment Update #82: movies & celebrities,Entertainment,"movies, celebrities","This article covers movies, celebrities in the context of entertainment. Latest developments show that movies continues to shape the entertainment landscape significantly.",2026-02-18
A0083,Science Update #83: space & environment,Science,"space, environment","This article covers space, environment in the context of science. Latest developments show that space continues to shape the science landscape significantly.",2026-01-16
A0084,Entertainment Update #84: culture & celebrities,Entertainment,"culture, celebrities, streaming, movies","This article covers culture, celebrities, streaming, movies in the context of entertainment. Latest developments show that culture continues to shape the entertainment landscape significantly.",2026-01-22
A0085,Health Update #85: mental health & vaccines,Health,"mental health, vaccines, medicine","This article covers mental health, vaccines, medicine in the context of health. Latest developments show that mental health continues to shape the health landscape significantly.",2026-03-12
A0086,Health Update #86: medicine & mental health,Health,"medicine, mental health, fitness","This article covers medicine, mental health, fitness in the context of health. Latest developments show that medicine continues to shape the health landscape significantly.",2025-12-23
A0087,Entertainment Update #87: culture & movies,Entertainment,"culture, movies, celebrities, gaming","This article covers culture, movies, celebrities, gaming in the context of entertainment. Latest developments show that culture continues to shape the entertainment landscape significantly.",2025-12-17
A0088,Business Update #88: finance & entrepreneurship,Business,"finance, entrepreneurship, startups","This article covers finance, entrepreneurship, startups in the context of business. Latest developments show that finance continues to shape the business landscape significantly.",2026-01-01
A0089,Politics Update #89: diplomacy & democracy,Politics,"diplomacy, democracy","This article covers diplomacy, democracy in the context of politics. Latest developments show that diplomacy continues to shape the politics landscape significantly.",2026-01-23
A0090,Politics Update #90: legislation & government,Politics,"legislation, government, diplomacy, elections","This article covers legislation, government, diplomacy, elections in the context of politics. Latest developments show that legislation continues to shape the politics landscape significantly.",2026-02-02
A0091,Science Update #91: physics & environment,Science,"physics, environment","This article covers physics, environment in the context of science. Latest developments show that physics continues to shape the science landscape significantly.",2025-12-25
A0092,Entertainment Update #92: streaming & culture,Entertainment,"streaming, culture, music","This article covers streaming, culture, music in the context of entertainment. Latest developments show that streaming continues to shape the entertainment landscape significantly.",2026-01-06
A0093,World Update #93: Europe & diplomacy,World,"Europe, diplomacy, Asia, Africa","This article covers Europe, diplomacy, Asia, Africa in the context of world. Latest developments show that Europe continues to shape the world landscape significantly.",2026-01-06
A0094,Entertainment Update #94: culture & music,Entertainment,"culture, music","This article covers culture, music in the context of entertainment. Latest developments show that culture continues to shape the entertainment landscape significantly.",2025-12-16
A0095,Science Update #95: research & climate,Science,"research, climate","This article covers research, climate in the context of science. Latest developments show that research continues to shape the science landscape significantly.",2026-02-22
A0096,Technology Update #96: machine learning & cybersecurity,Technology,"machine learning, cybersecurity","This article covers machine learning, cybersecurity in the context of technology. Latest developments show that machine learning continues to shape the technology landscape significantly.",2025-12-24
A0097,Sports Update #97: Olympics & cricket,Sports,"Olympics, cricket, soccer","This article covers Olympics, cricket, soccer in the context of sports. Latest developments show that Olympics continues to shape the sports landscape significantly.",2026-02-16
A0098,Business Update #98: finance & economy,Business,"finance, economy, entrepreneurship","This article covers finance, economy, entrepreneurship in the context of business. Latest developments show that finance continues to shape the business landscape significantly.",2025-12-19
A0099,Technology Update #99: robotics & cybersecurity,Technology,"robotics, cybersecurity","This article covers robotics, cybersecurity in the context of technology. Latest developments show that robotics continues to shape the technology landscape significantly.",2026-02-12
A0100,Politics Update #100: legislation & diplomacy,Politics,"legislation, diplomacy, elections, policy","This article covers legislation, diplomacy, elections, policy in the context of politics. Latest developments show that legislation continues to shape the politics landscape significantly.",2026-02-25
A0101,World Update #101: migration & conflict,World,"migration, conflict","This article covers migration, conflict in the context of world. Latest developments show that migration continues to shape the world landscape significantly.",2025-12-17
A0102,Entertainment Update #102: gaming & awards,Entertainment,"gaming, awards, culture","This article covers gaming, awards, culture in the context of entertainment. Latest developments show that gaming continues to shape the entertainment landscape significantly.",2026-01-17
A0103,World Update #103: diplomacy & conflict,World,"diplomacy, conflict","This article covers diplomacy, conflict in the context of world. Latest developments show that diplomacy continues to shape the world landscape significantly.",2026-01-14
A0104,Science Update #104: research & discoveries,Science,"research, discoveries","This article covers research, discoveries in the context of science. Latest developments show that research continues to shape the science landscape significantly.",2026-02-05
A0105,World Update #105: Europe & Africa,World,"Europe, Africa, conflict, Asia","This article covers Europe, Africa, conflict, Asia in the context of world. Latest developments show that Europe continues to shape the world landscape significantly.",2026-02-04
A0106,Health Update #106: fitness & research,Health,"fitness, research, wellness","This article covers fitness, research, wellness in the context of health. Latest developments show that fitness continues to shape the health landscape significantly.",2026-03-02
A0107,Politics Update #107: policy & diplomacy,Politics,"policy, diplomacy","This article covers policy, diplomacy in the context of politics. Latest developments show that policy continues to shape the politics landscape significantly.",2025-12-14
A0108,Politics Update #108: policy & elections,Politics,"policy, elections, diplomacy, legislation","This article covers policy, elections, diplomacy, legislation in the context of politics. Latest developments show that policy continues to shape the politics landscape significantly.",2026-01-29
A0109,World Update #109: Asia & Europe,World,"Asia, Europe, conflict","This article covers Asia, Europe, conflict in the context of world. Latest developments show that Asia continues to shape the world landscape significantly.",2026-01-22
A0110,Technology Update #110: cybersecurity & robotics,Technology,"cybersecurity, robotics, AI, startups","This article covers cybersecurity, robotics, AI, startups in the context of technology. Latest developments show that cybersecurity continues to shape the technology landscape significantly.",2026-02-02
A0111,Business Update #111: markets & entrepreneurship,Business,"markets, entrepreneurship, trade","This article covers markets, entrepreneurship, trade in the context of business. Latest developments show that markets continues to shape the business landscape significantly.",2025-12-25
A0112,Health Update #112: nutrition & fitness,Health,"nutrition, fitness, medicine","This article covers nutrition, fitness, medicine in the context of health. Latest developments show that nutrition continues to shape the health landscape significantly.",2026-01-09
A0113,Technology Update #113: startups & cloud computing,Technology,"startups, cloud computing, cybersecurity","This article covers startups, cloud computing, cybersecurity in the context of technology. Latest developments show that startups continues to shape the technology landscape significantly.",2026-02-19
A0114,World Update #114: international & migration,World,"international, migration","This article covers international, migration in the context of world. Latest developments show that international continues to shape the world landscape significantly.",2026-03-09
A0115,Business Update #115: markets & entrepreneurship,Business,"markets, entrepreneurship, stocks, trade","This article covers markets, entrepreneurship, stocks, trade in the context of business. Latest developments show that markets continues to shape the business landscape significantly.",2025-12-20
A0116,Business Update #116: trade & finance,Business,"trade, finance","This article covers trade, finance in the context of business. Latest developments show that trade continues to shape the business landscape significantly.",2026-02-17
A0117,Technology Update #117: cybersecurity & startups,Technology,"cybersecurity, startups, machine learning","This article covers cybersecurity, startups, machine learning in the context of technology. Latest developments show that cybersecurity continues to shape the technology landscape significantly.",2026-01-13
A0118,Entertainment Update #118: culture & streaming,Entertainment,"culture, streaming, celebrities","This article covers culture, streaming, celebrities in the context of entertainment. Latest developments show that culture continues to shape the entertainment landscape significantly.",2026-01-18
A0119,Science Update #119: physics & space,Science,"physics, space","This article covers physics, space in the context of science. Latest developments show that physics continues to shape the science landscape significantly.",2026-01-02
A0120,Technology Update #120: machine learning & cloud computing,Technology,"machine learning, cloud computing, AI","This article covers machine learning, cloud computing, AI in the context of technology. Latest developments show that machine learning continues to shape the technology landscape significantly.",2025-12-19
A0121,Technology Update #121: machine learning & robotics,Technology,"machine learning, robotics","This article covers machine learning, robotics in the context of technology. Latest developments show that machine learning continues to shape the technology landscape significantly.",2026-03-10
A0122,Politics Update #122: policy & diplomacy,Politics,"policy, diplomacy","This article covers policy, diplomacy in the context of politics. Latest developments show that policy continues to shape the politics landscape significantly.",2025-12-17
A0123,Sports Update #123: basketball & Olympics,Sports,"basketball, Olympics, tennis, soccer","This article covers basketball, Olympics, tennis, soccer in the context of sports. Latest developments show that basketball continues to shape the sports landscape significantly.",2026-02-19
A0124,Sports Update #124: tennis & football,Sports,"tennis, football","This article covers tennis, football in the context of sports. Latest developments show that tennis continues to shape the sports landscape significantly.",2025-12-28
A0125,Technology Update #125: smartphones & cloud computing,Technology,"smartphones, cloud computing, cybersecurity","This article covers smartphones, cloud computing, cybersecurity in the context of technology. Latest developments show that smartphones continues to shape the technology landscape significantly.",2026-01-21
A0126,Health Update #126: wellness & vaccines,Health,"wellness, vaccines","This article covers wellness, vaccines in the context of health. Latest developments show that wellness continues to shape the health landscape significantly.",2025-12-22
A0127,Health Update #127: vaccines & fitness,Health,"vaccines, fitness","This article covers vaccines, fitness in the context of health. Latest developments show that vaccines continues to shape the health landscape significantly.",2025-12-15
A0128,Sports Update #128: athletics & football,Sports,"athletics, football, tennis, Olympics","This article covers athletics, football, tennis, Olympics in the context of sports. Latest developments show that athletics continues to shape the sports landscape significantly.",2025-12-18
A0129,Entertainment Update #129: gaming & awards,Entertainment,"gaming, awards","This article covers gaming, awards in the context of entertainment. Latest developments show that gaming continues to shape the entertainment landscape significantly.",2026-01-28
A0130,Technology Update #130: robotics & cybersecurity,Technology,"robotics, cybersecurity, AI","This article covers robotics, cybersecurity, AI in the context of technology. Latest developments show that robotics continues to shape the technology landscape significantly.",2026-01-16
A0131,Entertainment Update #131: culture & streaming,Entertainment,"culture, streaming, music, awards","This article covers culture, streaming, music, awards in the context of entertainment. Latest developments show that culture continues to shape the entertainment landscape significantly.",2026-02-18
A0132,Science Update #132: research & environment,Science,"research, environment, physics, discoveries","This article covers research, environment, physics, discoveries in the context of science. Latest developments show that research continues to shape the science landscape significantly.",2026-01-16
A0133,Science Update #133: research & climate,Science,"research, climate, space","This article covers research, climate, space in the context of science. Latest developments show that research continues to shape the science landscape significantly.",2026-02-05
A0134,World Update #134: migration & conflict,World,"migration, conflict","This article covers migration, conflict in the context of world. Latest developments show that migration continues to shape the world landscape significantly.",2025-12-30
A0135,Business Update #135: stocks & finance,Business,"stocks, finance, startups","This article covers stocks, finance, startups in the context of business. Latest developments show that stocks continues to shape the business landscape significantly.",2026-02-17
A0136,World Update #136: Africa & migration,World,"Africa, migration","This article covers Africa, migration in the context of world. Latest developments show that Africa continues to shape the world landscape significantly.",2026-01-28
A0137,Science Update #137: discoveries & biology,Science,"discoveries, biology, environment, space","This article covers discoveries, biology, environment, space in the context of science. Latest developments show that discoveries continues to shape the science landscape significantly.",2026-01-05
A0138,Health Update #138: nutrition & vaccines,Health,"nutrition, vaccines","This article covers nutrition, vaccines in the context of health. Latest developments show that nutrition continues to shape the health landscape significantly.",2026-01-19
A0139,World Update #139: migration & Europe,World,"migration, Europe, conflict, international","This article covers migration, Europe, conflict, international in the context of world. Latest developments show that migration continues to shape the world landscape significantly.",2026-01-14
A0140,Technology Update #140: startups & machine learning,Technology,"startups, machine learning","This article covers startups, machine learning in the context of technology. Latest developments show that startups continues to shape the technology landscape significantly.",2026-01-20
A0141,Health Update #141: vaccines & wellness,Health,"vaccines, wellness, fitness","This article covers vaccines, wellness, fitness in the context of health. Latest developments show that vaccines continues to shape the health landscape significantly.",2026-01-11
A0142,Entertainment Update #142: awards & gaming,Entertainment,"awards, gaming, celebrities","This article covers awards, gaming, celebrities in the context of entertainment. Latest developments show that awards continues to shape the entertainment landscape significantly.",2026-01-26
A0143,World Update #143: Africa & migration,World,"Africa, migration, Europe","This article covers Africa, migration, Europe in the context of world. Latest developments show that Africa continues to shape the world landscape significantly.",2026-02-25
A0144,Health Update #144: mental health & vaccines,Health,"mental health, vaccines, wellness","This article covers mental health, vaccines, wellness in the context of health. Latest developments show that mental health continues to shape the health landscape significantly.",2025-12-14
A0145,Politics Update #145: policy & democracy,Politics,"policy, democracy","This article covers policy, democracy in the context of politics. Latest developments show that policy continues to shape the politics landscape significantly.",2026-01-10
A0146,Science Update #146: environment & research,Science,"environment, research, discoveries, biology","This article covers environment, research, discoveries, biology in the context of science. Latest developments show that environment continues to shape the science landscape significantly.",2026-02-28
A0147,Health Update #147: nutrition & fitness,Health,"nutrition, fitness, research","This article covers nutrition, fitness, research in the context of health. Latest developments show that nutrition continues to shape the health landscape significantly.",2026-02-02
A0148,Technology Update #148: smartphones & machine learning,Technology,"smartphones, machine learning, startups, AI","This article covers smartphones, machine learning, startups, AI in the context of technology. Latest developments show that smartphones continues to shape the technology landscape significantly.",2026-03-06
A0149,Science Update #149: climate & discoveries,Science,"climate, discoveries, physics, space","This article covers climate, discoveries, physics, space in the context of science. Latest developments show that climate continues to shape the science landscape significantly.",2026-03-11
A0150,Science Update #150: physics & research,Science,"physics, research, biology","This article covers physics, research, biology in the context of science. Latest developments show that physics continues to shape the science landscape significantly.",2026-02-17
A0151,Technology Update #151: robotics & cybersecurity,Technology,"robotics, cybersecurity, AI","This article covers robotics, cybersecurity, AI in the context of technology. Latest developments show that robotics continues to shape the technology landscape significantly.",2026-03-04
A0152,Business Update #152: stocks & markets,Business,"stocks, markets, trade","This article covers stocks, markets, trade in the context of business. Latest developments show that stocks continues to shape the business landscape significantly.",2026-02-21
A0153,Politics Update #153: government & elections,Politics,"government, elections, policy, democracy","This article covers government, elections, policy, democracy in the context of politics. Latest developments show that government continues to shape the politics landscape significantly.",2025-12-31
A0154,Business Update #154: markets & trade,Business,"markets, trade, economy, finance","This article covers markets, trade, economy, finance in the context of business. Latest developments show that markets continues to shape the business landscape significantly.",2026-01-14
A0155,World Update #155: migration & international,World,"migration, international, conflict","This article covers migration, international, conflict in the context of world. Latest developments show that migration continues to shape the world landscape significantly.",2026-02-01
A0156,Technology Update #156: cloud computing & AI,Technology,"cloud computing, AI, machine learning, smartphones","This article covers cloud computing, AI, machine learning, smartphones in the context of technology. Latest developments show that cloud computing continues to shape the technology landscape significantly.",2026-02-07
A0157,Sports Update #157: basketball & athletics,Sports,"basketball, athletics","This article covers basketball, athletics in the context of sports. Latest developments show that basketball continues to shape the sports landscape significantly.",2026-01-01
A0158,Sports Update #158: football & Olympics,Sports,"football, Olympics","This article covers football, Olympics in the context of sports. Latest developments show that football continues to shape the sports landscape significantly.",2026-01-14
A0159,World Update #159: Asia & Europe,World,"Asia, Europe, Africa","This article covers Asia, Europe, Africa in the context of world. Latest developments show that Asia continues to shape the world landscape significantly.",2025-12-12
A0160,Science Update #160: research & physics,Science,"research, physics, space, climate","This article covers research, physics, space, climate in the context of science. Latest developments show that research continues to shape the science landscape significantly.",2026-02-07
A0161,Health Update #161: mental health & wellness,Health,"mental health, wellness, nutrition","This article covers mental health, wellness, nutrition in the context of health. Latest developments show that mental health continues to shape the health landscape significantly.",2025-12-20
A0162,Politics Update #162: geopolitics & policy,Politics,"geopolitics, policy, elections","This article covers geopolitics, policy, elections in the context of politics. Latest developments show that geopolitics continues to shape the politics landscape significantly.",2026-03-05
A0163,Politics Update #163: legislation & democracy,Politics,"legislation, democracy, geopolitics","This article covers legislation, democracy, geopolitics in the context of politics. Latest developments show that legislation continues to shape the politics landscape significantly.",2026-02-04
A0164,World Update #164: conflict & diplomacy,World,"conflict, diplomacy","This article covers conflict, diplomacy in the context of world. Latest developments show that conflict continues to shape the world landscape significantly.",2026-02-02
A0165,Business Update #165: markets & trade,Business,"markets, trade, finance","This article covers markets, trade, finance in the context of business. Latest developments show that markets continues to shape the business landscape significantly.",2026-01-15
A0166,Sports Update #166: football & Olympics,Sports,"football, Olympics, tennis, soccer","This article covers football, Olympics, tennis, soccer in the context of sports. Latest developments show that football continues to shape the sports landscape significantly.",2026-03-09
A0167,Sports Update #167: cricket & soccer,Sports,"cricket, soccer","This article covers cricket, soccer in the context of sports. Latest developments show that cricket continues to shape the sports landscape significantly.",2025-12-27
A0168,Technology Update #168: robotics & startups,Technology,"robotics, startups, smartphones, AI","This article covers robotics, startups, smartphones, AI in the context of technology. Latest developments show that robotics continues to shape the technology landscape significantly.",2026-02-18
A0169,World Update #169: diplomacy & conflict,World,"diplomacy, conflict, Africa, Europe","This article covers diplomacy, conflict, Africa, Europe in the context of world. Latest developments show that diplomacy continues to shape the world landscape significantly.",2025-12-28
A0170,Business Update #170: trade & finance,Business,"trade, finance, stocks, entrepreneurship","This article covers trade, finance, stocks, entrepreneurship in the context of business. Latest developments show that trade continues to shape the business landscape significantly.",2026-01-27
A0171,Business Update #171: startups & entrepreneurship,Business,"startups, entrepreneurship, stocks","This article covers startups, entrepreneurship, stocks in the context of business. Latest developments show that startups continues to shape the business landscape significantly.",2026-02-20
A0172,Entertainment Update #172: awards & streaming,Entertainment,"awards, streaming, celebrities","This article covers awards, streaming, celebrities in the context of entertainment. Latest developments show that awards continues to shape the entertainment landscape significantly.",2025-12-18
A0173,Business Update #173: stocks & finance,Business,"stocks, finance, trade, startups","This article covers stocks, finance, trade, startups in the context of business. Latest developments show that stocks continues to shape the business landscape significantly.",2026-02-08
A0174,Entertainment Update #174: culture & streaming,Entertainment,"culture, streaming","This article covers culture, streaming in the context of entertainment. Latest developments show that culture continues to shape the entertainment landscape significantly.",2026-01-06
A0175,Technology Update #175: robotics & smartphones,Technology,"robotics, smartphones, cybersecurity, cloud computing","This article covers robotics, smartphones, cybersecurity, cloud computing in the context of technology. Latest developments show that robotics continues to shape the technology landscape significantly.",2026-03-06
A0176,Health Update #176: fitness & wellness,Health,"fitness, wellness, medicine, vaccines","This article covers fitness, wellness, medicine, vaccines in the context of health. Latest developments show that fitness continues to shape the health landscape significantly.",2026-03-06
A0177,Health Update #177: wellness & nutrition,Health,"wellness, nutrition, fitness","This article covers wellness, nutrition, fitness in the context of health. Latest developments show that wellness continues to shape the health landscape significantly.",2026-01-15
A0178,World Update #178: Asia & diplomacy,World,"Asia, diplomacy","This article covers Asia, diplomacy in the context of world. Latest developments show that Asia continues to shape the world landscape significantly.",2025-12-25
A0179,Health Update #179: nutrition & fitness,Health,"nutrition, fitness, wellness, mental health","This article covers nutrition, fitness, wellness, mental health in the context of health. Latest developments show that nutrition continues to shape the health landscape significantly.",2026-01-01
A0180,Business Update #180: economy & stocks,Business,"economy, stocks","This article covers economy, stocks in the context of business. Latest developments show that economy continues to shape the business landscape significantly.",2026-01-12
A0181,Sports Update #181: athletics & basketball,Sports,"athletics, basketball, Olympics, tennis","This article covers athletics, basketball, Olympics, tennis in the context of sports. Latest developments show that athletics continues to shape the sports landscape significantly.",2026-01-06
A0182,Science Update #182: research & physics,Science,"research, physics, discoveries","This article covers research, physics, discoveries in the context of science. Latest developments show that research continues to shape the science landscape significantly.",2026-02-09
A0183,World Update #183: Europe & conflict,World,"Europe, conflict, migration, international","This article covers Europe, conflict, migration, international in the context of world. Latest developments show that Europe continues to shape the world landscape significantly.",2026-03-04
A0184,Science Update #184: biology & environment,Science,"biology, environment, research","This article covers biology, environment, research in the context of science. Latest developments show that biology continues to shape the science landscape significantly.",2026-03-12
A0185,Science Update #185: biology & environment,Science,"biology, environment, discoveries, physics","This article covers biology, environment, discoveries, physics in the context of science. Latest developments show that biology continues to shape the science landscape significantly.",2026-02-21
A0186,World Update #186: conflict & Africa,World,"conflict, Africa, diplomacy, migration","This article covers conflict, Africa, diplomacy, migration in the context of world. Latest developments show that conflict continues to shape the world landscape significantly.",2026-01-13
A0187,Entertainment Update #187: awards & music,Entertainment,"awards, music","This article covers awards, music in the context of entertainment. Latest developments show that awards continues to shape the entertainment landscape significantly.",2025-12-29
A0188,Business Update #188: trade & finance,Business,"trade, finance","This article covers trade, finance in the context of business. Latest developments show that trade continues to shape the business landscape significantly.",2026-03-07
A0189,Entertainment Update #189: streaming & awards,Entertainment,"streaming, awards, culture, gaming","This article covers streaming, awards, culture, gaming in the context of entertainment. Latest developments show that streaming continues to shape the entertainment landscape significantly.",2025-12-18
A0190,Politics Update #190: elections & policy,Politics,"elections, policy, legislation","This article covers elections, policy, legislation in the context of politics. Latest developments show that elections continues to shape the politics landscape significantly.",2025-12-27
A0191,Entertainment Update #191: culture & streaming,Entertainment,"culture, streaming","This article covers culture, streaming in the context of entertainment. Latest developments show that culture continues to shape the entertainment landscape significantly.",2026-02-28
A0192,World Update #192: diplomacy & Europe,World,"diplomacy, Europe","This article covers diplomacy, Europe in the context of world. Latest developments show that diplomacy continues to shape the world landscape significantly.",2026-01-19
A0193,Politics Update #193: diplomacy & government,Politics,"diplomacy, government","This article covers diplomacy, government in the context of politics. Latest developments show that diplomacy continues to shape the politics landscape significantly.",2026-01-28
A0194,Business Update #194: stocks & startups,Business,"stocks, startups, markets, finance","This article covers stocks, startups, markets, finance in the context of business. Latest developments show that stocks continues to shape the business landscape significantly.",2026-01-31
A0195,World Update #195: Asia & international,World,"Asia, international, migration, Europe","This article covers Asia, international, migration, Europe in the context of world. Latest developments show that Asia continues to shape the world landscape significantly.",2025-12-22
A0196,Science Update #196: discoveries & space,Science,"discoveries, space","This article covers discoveries, space in the context of science. Latest developments show that discoveries continues to shape the science landscape significantly.",2026-01-16
A0197,Sports Update #197: cricket & football,Sports,"cricket, football, Olympics, basketball","This article covers cricket, football, Olympics, basketball in the context of sports. Latest developments show that cricket continues to shape the sports landscape significantly.",2025-12-14
A0198,Science Update #198: space & biology,Science,"space, biology","This article covers space, biology in the context of science. Latest developments show that space continues to shape the science landscape significantly.",2026-03-05
A0199,Science Update #199: biology & physics,Science,"biology, physics, climate","This article covers biology, physics, climate in the context of science. Latest developments show that biology continues to shape the science landscape significantly.",2026-02-09
A0200,Business Update #200: entrepreneurship & economy,Business,"entrepreneurship, economy, trade, markets","This article covers entrepreneurship, economy, trade, markets in the context of business. Latest developments show that entrepreneurship continues to shape the business landscape significantly.",2026-03-02
